Timestamp,Name,Designation," 1. In your opinion, what is the primary reason companies pursue mergers or acquisitions?  ",2. How often do you think promised synergies are fully realized post-merger?  ,3. Which type of synergy is most overestimated during M&A announcements?  ,4.How many years post-merger do you believe are needed to fairly assess synergy realization?  ,5.  Which valuation method do you consider most prone to manipulation during M&A?  ,"6.What, in your opinion, is the biggest risk to achieving post-merger synergies?  ",7.Do you think integration costs are usually underreported in investor presentations?,8.Have you come across a merger where reported EBITDA/synergies were clearly adjusted to look better than reality?  ,9.  How much faith do you place in “adjusted earnings” metrics shared after M&A deals?  ,10.  Do you believe non-controlling interest (minority interest) adjustments affect post-merger profitability perception?  ,11.  What percentage of M&A deals do you feel are overvalued at the time of acquisition?  ,12.  Have you ever seen an acquisition fail primarily due to valuation overreach?  ,13.  Which of the following metrics should be prioritized in post-merger performance analysis?  ,14.  Do you think that market sentiment often clouds the real success/failure of a merger in the short term?  ,15.  Which post-merger red flag is hardest to detect from financial statements? ,16. Would a color-coded risk assessment model (RAG) be useful for identifying post-merger synergy shortfalls?  ,17.  Should investors have access to a standardized framework to track synergy performance post-M&A?  ,18.  What’s your view on using a 3-year performance window to assess actual synergy realization?  ,19.  Would you be interested in using a web-based dashboard that shows synergy realization with traffic-light indicators?  ,"20. Lastly, do you feel that this research topic is practically useful for investors, analysts, and deal teams?"
08-04-2025 14:10,Radhai Bhavatarini S ,,a) Synergy realization,a) Very Rarely,a) Cost Synergy,a) 1 year,a) DCF,a) Cultural mismatch,a) Yes,a) Yes,a) Strong belief,a) Yes,a) Less than 20%,a) Yes,a) Revenue CARG,b) No,a) One-time gains masking poor performance,a) Definetly,a) Yes,a) Too short,b) No,a) Yes
08-04-2025 14:12,,,a) Synergy realization,a) Very Rarely,a) Cost Synergy,a) 1 year,a) DCF,a) Cultural mismatch,a) Yes,a) Yes,a) Strong belief,a) Yes,B) 20% to 40%,b) No,b) ROIC,b) No,b) Deferred restructuring charges,a) Definetly,b) No,a) Too short,a) Yes,a) Yes
08-04-2025 14:13,,,b) Market expansion,b) Sometimes,b) Revenue Synergy,b) 2 years,b) Market Multiples,c) Regulatory interference,b) No,b) No,B) Moderate belief,b) No,B) 20% to 40%,b) No,d) Free cash flow,b) No,c) Goodwill impairment delays,b) Somewhat,b) No,b) Too long,b) No,b) No
08-04-2025 14:13,,,b) Market expansion,b) Sometimes,d) All of the above,c) 3 years,a) DCF,a) Cultural mismatch,a) Yes,a) Yes,a) Strong belief,a) Yes,B) 20% to 40%,a) Yes,b) ROIC,a) Yes,b) Deferred restructuring charges,a) Definetly,a) Yes,a) Too short,a) Yes,a) Yes
08-04-2025 14:13,,,c) Undervaluation of target,c) Often,c) Tax Synergy,b) 2 years,b) Market Multiples,b) Execution delays,b) No,b) No,C) Very skeptical,b) No,C) 40% to 60%,b) No,b) ROIC,a) Yes,c) Goodwill impairment delays,b) Somewhat,b) No,b) Too long,b) No,b) No
08-04-2025 14:17,,,d) Competitive pressure,d) Almost Always,d) All of the above,d) More than 3 years,d) Book Value,d) Over-optimistic projections,c) Not Sure,c) Prefer not to say,D) Never trust it,c) Not sure,D) More than 60%,c) Prefer not to say,d) Free cash flow,b) No,d) Rising debt servicing pressure,c) Not useful,c) Maybe,c) Moderate,c) Maybe,c) Need refinements
08-04-2025 14:18,,,d) Competitive pressure,d) Almost Always,d) All of the above,d) More than 3 years,d) Book Value,d) Over-optimistic projections,c) Not Sure,c) Prefer not to say,D) Never trust it,c) Not sure,D) More than 60%,c) Prefer not to say,d) Free cash flow,b) No,d) Rising debt servicing pressure,c) Not useful,c) Maybe,c) Moderate,c) Maybe,c) Need refinements
08-04-2025 14:23,,,b) Market expansion,a) Very Rarely,b) Revenue Synergy,b) 2 years,c) Comparable Transactions,b) Execution delays,b) No,b) No,C) Very skeptical,c) Not sure,D) More than 60%,c) Prefer not to say,b) ROIC,a) Yes,c) Goodwill impairment delays,a) Definetly,a) Yes,c) Moderate,b) No,b) No
08-04-2025 14:23,,,c) Undervaluation of target,a) Very Rarely,b) Revenue Synergy,c) 3 years,c) Comparable Transactions,b) Execution delays,b) No,b) No,B) Moderate belief,b) No,C) 40% to 60%,b) No,c) EPS Growth,a) Yes,c) Goodwill impairment delays,b) Somewhat,b) No,b) Too long,b) No,b) No
08-04-2025 14:24,,,b) Market expansion,c) Often,c) Tax Synergy,b) 2 years,c) Comparable Transactions,c) Regulatory interference,b) No,b) No,C) Very skeptical,b) No,D) More than 60%,c) Prefer not to say,c) EPS Growth,a) Yes,c) Goodwill impairment delays,b) Somewhat,a) Yes,b) Too long,b) No,b) No
08-04-2025 14:24,,,c) Undervaluation of target,b) Sometimes,c) Tax Synergy,c) 3 years,c) Comparable Transactions,c) Regulatory interference,b) No,b) No,C) Very skeptical,c) Not sure,C) 40% to 60%,b) No,c) EPS Growth,b) No,c) Goodwill impairment delays,b) Somewhat,b) No,b) Too long,b) No,a) Yes
08-04-2025 14:29,Iciri,,b) Market expansion,b) Sometimes,a) Cost Synergy,c) 3 years,c) Comparable Transactions,d) Over-optimistic projections,a) Yes,a) Yes,B) Moderate belief,a) Yes,B) 20% to 40%,a) Yes,c) EPS Growth,a) Yes,b) Deferred restructuring charges,b) Somewhat,c) Maybe,a) Too short,a) Yes,c) Need refinements
08-04-2025 14:33,Saishri G ,Student,b) Market expansion,b) Sometimes,b) Revenue Synergy,c) 3 years,a) DCF,d) Over-optimistic projections,a) Yes,a) Yes,B) Moderate belief,a) Yes,C) 40% to 60%,a) Yes,b) ROIC,a) Yes,b) Deferred restructuring charges,b) Somewhat,a) Yes,c) Moderate,a) Yes,a) Yes
08-04-2025 15:19,Sujay,Engineer,a) Synergy realization,c) Often,d) All of the above,a) 1 year,a) DCF,b) Execution delays,c) Not Sure,c) Prefer not to say,B) Moderate belief,c) Not sure,B) 20% to 40%,c) Prefer not to say,a) Revenue CARG,a) Yes,a) One-time gains masking poor performance,a) Definetly,c) Maybe,c) Moderate,a) Yes,a) Yes
08-04-2025 15:58,Prithika,,a) Synergy realization,b) Sometimes,b) Revenue Synergy,b) 2 years,b) Market Multiples,c) Regulatory interference,c) Not Sure,a) Yes,B) Moderate belief,a) Yes,B) 20% to 40%,c) Prefer not to say,b) ROIC,a) Yes,b) Deferred restructuring charges,a) Definetly,a) Yes,c) Moderate,c) Maybe,a) Yes
08-04-2025 16:09,Sathya,Salaried,b) Market expansion,b) Sometimes,c) Tax Synergy,b) 2 years,d) Book Value,b) Execution delays,a) Yes,a) Yes,a) Strong belief,a) Yes,B) 20% to 40%,a) Yes,a) Revenue CARG,a) Yes,d) Rising debt servicing pressure,a) Definetly,c) Maybe,b) Too long,a) Yes,a) Yes
08-04-2025 17:11,Ameera ,Student ,b) Market expansion,b) Sometimes,b) Revenue Synergy,b) 2 years,a) DCF,d) Over-optimistic projections,c) Not Sure,a) Yes,B) Moderate belief,c) Not sure,B) 20% to 40%,c) Prefer not to say,b) ROIC,a) Yes,a) One-time gains masking poor performance,b) Somewhat,c) Maybe,c) Moderate,c) Maybe,c) Need refinements
08-04-2025 17:12,Flemming ,Student ,d) Competitive pressure,c) Often,c) Tax Synergy,c) 3 years,b) Market Multiples,b) Execution delays,c) Not Sure,a) Yes,B) Moderate belief,c) Not sure,C) 40% to 60%,a) Yes,c) EPS Growth,a) Yes,b) Deferred restructuring charges,b) Somewhat,a) Yes,c) Moderate,a) Yes,c) Need refinements
08-05-2025 09:28,Manoj,Student ,b) Market expansion,b) Sometimes,b) Revenue Synergy,b) 2 years,d) Book Value,c) Regulatory interference,c) Not Sure,c) Prefer not to say,C) Very skeptical,c) Not sure,B) 20% to 40%,b) No,c) EPS Growth,a) Yes,c) Goodwill impairment delays,b) Somewhat,a) Yes,c) Moderate,a) Yes,c) Need refinements
08-05-2025 12:30,,,a) Synergy realization,a) Very Rarely,d) All of the above,c) 3 years,a) DCF,d) Over-optimistic projections,c) Not Sure,a) Yes,a) Strong belief,a) Yes,a) Less than 20%,a) Yes,d) Free cash flow,a) Yes,b) Deferred restructuring charges,a) Definetly,a) Yes,c) Moderate,a) Yes,a) Yes
08-05-2025 15:13,,,a) Synergy realization,a) Very Rarely,a) Cost Synergy,a) 1 year,a) DCF,a) Cultural mismatch,a) Yes,a) Yes,a) Strong belief,a) Yes,a) Less than 20%,a) Yes,a) Revenue CARG,a) Yes,a) One-time gains masking poor performance,a) Definetly,a) Yes,a) Too short,a) Yes,a) Yes
08-05-2025 15:14,,,a) Synergy realization,a) Very Rarely,a) Cost Synergy,a) 1 year,a) DCF,a) Cultural mismatch,a) Yes,a) Yes,a) Strong belief,a) Yes,a) Less than 20%,a) Yes,a) Revenue CARG,a) Yes,a) One-time gains masking poor performance,a) Definetly,a) Yes,a) Too short,a) Yes,a) Yes
08-05-2025 15:14,,,c) Undervaluation of target,b) Sometimes,b) Revenue Synergy,c) 3 years,b) Market Multiples,b) Execution delays,b) No,b) No,C) Very skeptical,b) No,C) 40% to 60%,b) No,b) ROIC,a) Yes,c) Goodwill impairment delays,b) Somewhat,b) No,b) Too long,b) No,b) No
08-05-2025 15:15,,,d) Competitive pressure,c) Often,c) Tax Synergy,c) 3 years,c) Comparable Transactions,b) Execution delays,b) No,b) No,C) Very skeptical,b) No,C) 40% to 60%,b) No,b) ROIC,b) No,b) Deferred restructuring charges,b) Somewhat,b) No,c) Moderate,b) No,b) No
08-05-2025 15:15,,,c) Undervaluation of target,c) Often,c) Tax Synergy,c) 3 years,b) Market Multiples,b) Execution delays,b) No,b) No,C) Very skeptical,b) No,B) 20% to 40%,b) No,c) EPS Growth,b) No,c) Goodwill impairment delays,a) Definetly,a) Yes,a) Too short,a) Yes,a) Yes
08-05-2025 15:16,,,a) Synergy realization,b) Sometimes,b) Revenue Synergy,b) 2 years,b) Market Multiples,b) Execution delays,b) No,b) No,C) Very skeptical,b) No,B) 20% to 40%,a) Yes,a) Revenue CARG,a) Yes,b) Deferred restructuring charges,a) Definetly,a) Yes,b) Too long,a) Yes,a) Yes
08-05-2025 15:16,,,a) Synergy realization,c) Often,c) Tax Synergy,b) 2 years,b) Market Multiples,b) Execution delays,a) Yes,a) Yes,a) Strong belief,a) Yes,a) Less than 20%,b) No,c) EPS Growth,a) Yes,b) Deferred restructuring charges,a) Definetly,a) Yes,a) Too short,b) No,a) Yes
08-05-2025 15:17,,,a) Synergy realization,a) Very Rarely,a) Cost Synergy,b) 2 years,a) DCF,a) Cultural mismatch,a) Yes,a) Yes,a) Strong belief,a) Yes,a) Less than 20%,a) Yes,a) Revenue CARG,a) Yes,b) Deferred restructuring charges,a) Definetly,b) No,b) Too long,a) Yes,a) Yes
08-05-2025 15:26,,,d) Competitive pressure,c) Often,c) Tax Synergy,c) 3 years,b) Market Multiples,c) Regulatory interference,c) Not Sure,b) No,B) Moderate belief,b) No,B) 20% to 40%,b) No,c) EPS Growth,b) No,b) Deferred restructuring charges,a) Definetly,b) No,b) Too long,a) Yes,a) Yes
08-05-2025 15:26,,,b) Market expansion,c) Often,c) Tax Synergy,c) 3 years,b) Market Multiples,b) Execution delays,b) No,b) No,C) Very skeptical,b) No,C) 40% to 60%,b) No,c) EPS Growth,b) No,c) Goodwill impairment delays,b) Somewhat,b) No,b) Too long,b) No,b) No
08-05-2025 15:27,,,b) Market expansion,b) Sometimes,b) Revenue Synergy,c) 3 years,b) Market Multiples,a) Cultural mismatch,a) Yes,b) No,B) Moderate belief,b) No,B) 20% to 40%,b) No,b) ROIC,a) Yes,b) Deferred restructuring charges,b) Somewhat,a) Yes,a) Too short,a) Yes,a) Yes
08-05-2025 15:27,,,b) Market expansion,b) Sometimes,b) Revenue Synergy,b) 2 years,b) Market Multiples,b) Execution delays,a) Yes,b) No,C) Very skeptical,b) No,B) 20% to 40%,b) No,b) ROIC,a) Yes,b) Deferred restructuring charges,a) Definetly,a) Yes,a) Too short,a) Yes,a) Yes
08-05-2025 15:30,,,c) Undervaluation of target,b) Sometimes,b) Revenue Synergy,b) 2 years,b) Market Multiples,b) Execution delays,a) Yes,b) No,B) Moderate belief,b) No,B) 20% to 40%,b) No,b) ROIC,a) Yes,a) One-time gains masking poor performance,a) Definetly,a) Yes,a) Too short,a) Yes,a) Yes
08-05-2025 15:30,,,a) Synergy realization,a) Very Rarely,a) Cost Synergy,a) 1 year,a) DCF,b) Execution delays,b) No,b) No,B) Moderate belief,a) Yes,a) Less than 20%,a) Yes,b) ROIC,a) Yes,a) One-time gains masking poor performance,a) Definetly,a) Yes,a) Too short,a) Yes,a) Yes
08-05-2025 15:37,,,c) Undervaluation of target,c) Often,c) Tax Synergy,b) 2 years,b) Market Multiples,a) Cultural mismatch,a) Yes,a) Yes,B) Moderate belief,b) No,a) Less than 20%,a) Yes,b) ROIC,b) No,a) One-time gains masking poor performance,a) Definetly,a) Yes,b) Too long,a) Yes,a) Yes
08-05-2025 15:38,,,b) Market expansion,a) Very Rarely,c) Tax Synergy,b) 2 years,c) Comparable Transactions,b) Execution delays,b) No,b) No,B) Moderate belief,b) No,C) 40% to 60%,b) No,c) EPS Growth,b) No,b) Deferred restructuring charges,b) Somewhat,b) No,b) Too long,b) No,b) No
08-05-2025 15:38,,,b) Market expansion,b) Sometimes,c) Tax Synergy,c) 3 years,b) Market Multiples,b) Execution delays,b) No,b) No,C) Very skeptical,b) No,B) 20% to 40%,b) No,c) EPS Growth,b) No,c) Goodwill impairment delays,b) Somewhat,c) Maybe,c) Moderate,c) Maybe,b) No
08-05-2025 15:39,,,b) Market expansion,b) Sometimes,c) Tax Synergy,c) 3 years,c) Comparable Transactions,c) Regulatory interference,c) Not Sure,c) Prefer not to say,C) Very skeptical,a) Yes,B) 20% to 40%,a) Yes,b) ROIC,a) Yes,a) One-time gains masking poor performance,a) Definetly,a) Yes,a) Too short,a) Yes,a) Yes
08-05-2025 15:39,,,a) Synergy realization,a) Very Rarely,a) Cost Synergy,a) 1 year,a) DCF,a) Cultural mismatch,a) Yes,a) Yes,a) Strong belief,a) Yes,a) Less than 20%,a) Yes,a) Revenue CARG,a) Yes,a) One-time gains masking poor performance,a) Definetly,a) Yes,a) Too short,a) Yes,a) Yes
08-05-2025 15:39,,,a) Synergy realization,a) Very Rarely,a) Cost Synergy,a) 1 year,a) DCF,a) Cultural mismatch,a) Yes,a) Yes,a) Strong belief,a) Yes,a) Less than 20%,a) Yes,a) Revenue CARG,a) Yes,a) One-time gains masking poor performance,a) Definetly,a) Yes,a) Too short,b) No,a) Yes
08-05-2025 15:43,,,c) Undervaluation of target,c) Often,b) Revenue Synergy,b) 2 years,b) Market Multiples,a) Cultural mismatch,a) Yes,a) Yes,a) Strong belief,a) Yes,a) Less than 20%,a) Yes,b) ROIC,a) Yes,a) One-time gains masking poor performance,a) Definetly,a) Yes,a) Too short,a) Yes,a) Yes
08-05-2025 15:43,,,a) Synergy realization,a) Very Rarely,b) Revenue Synergy,a) 1 year,a) DCF,a) Cultural mismatch,a) Yes,b) No,B) Moderate belief,a) Yes,a) Less than 20%,a) Yes,a) Revenue CARG,a) Yes,a) One-time gains masking poor performance,a) Definetly,a) Yes,a) Too short,a) Yes,a) Yes
08-05-2025 15:44,,,b) Market expansion,c) Often,b) Revenue Synergy,b) 2 years,b) Market Multiples,b) Execution delays,a) Yes,a) Yes,a) Strong belief,a) Yes,a) Less than 20%,a) Yes,a) Revenue CARG,a) Yes,a) One-time gains masking poor performance,a) Definetly,a) Yes,a) Too short,a) Yes,a) Yes
08-05-2025 15:45,,,a) Synergy realization,a) Very Rarely,a) Cost Synergy,a) 1 year,a) DCF,a) Cultural mismatch,a) Yes,a) Yes,a) Strong belief,a) Yes,a) Less than 20%,a) Yes,a) Revenue CARG,a) Yes,a) One-time gains masking poor performance,a) Definetly,a) Yes,a) Too short,a) Yes,a) Yes
08-05-2025 15:45,,,a) Synergy realization,a) Very Rarely,a) Cost Synergy,a) 1 year,a) DCF,a) Cultural mismatch,a) Yes,a) Yes,a) Strong belief,a) Yes,a) Less than 20%,a) Yes,a) Revenue CARG,a) Yes,a) One-time gains masking poor performance,a) Definetly,a) Yes,a) Too short,a) Yes,a) Yes
08-05-2025 15:45,,,a) Synergy realization,b) Sometimes,a) Cost Synergy,a) 1 year,a) DCF,a) Cultural mismatch,a) Yes,a) Yes,a) Strong belief,a) Yes,a) Less than 20%,a) Yes,a) Revenue CARG,a) Yes,a) One-time gains masking poor performance,a) Definetly,a) Yes,a) Too short,a) Yes,a) Yes
08-05-2025 15:46,,,a) Synergy realization,a) Very Rarely,a) Cost Synergy,a) 1 year,a) DCF,a) Cultural mismatch,a) Yes,a) Yes,a) Strong belief,a) Yes,a) Less than 20%,a) Yes,a) Revenue CARG,a) Yes,a) One-time gains masking poor performance,a) Definetly,a) Yes,a) Too short,a) Yes,a) Yes
08-05-2025 15:46,,,a) Synergy realization,a) Very Rarely,a) Cost Synergy,a) 1 year,a) DCF,a) Cultural mismatch,a) Yes,a) Yes,a) Strong belief,a) Yes,a) Less than 20%,a) Yes,a) Revenue CARG,a) Yes,a) One-time gains masking poor performance,a) Definetly,a) Yes,a) Too short,a) Yes,a) Yes
08-05-2025 15:47,,,b) Market expansion,a) Very Rarely,a) Cost Synergy,a) 1 year,a) DCF,a) Cultural mismatch,b) No,a) Yes,B) Moderate belief,b) No,a) Less than 20%,a) Yes,a) Revenue CARG,a) Yes,a) One-time gains masking poor performance,a) Definetly,a) Yes,a) Too short,a) Yes,a) Yes
08-05-2025 15:47,,,a) Synergy realization,a) Very Rarely,a) Cost Synergy,a) 1 year,a) DCF,a) Cultural mismatch,a) Yes,a) Yes,a) Strong belief,a) Yes,a) Less than 20%,a) Yes,a) Revenue CARG,a) Yes,a) One-time gains masking poor performance,a) Definetly,a) Yes,a) Too short,a) Yes,a) Yes
08-05-2025 15:48,,,a) Synergy realization,a) Very Rarely,a) Cost Synergy,c) 3 years,a) DCF,a) Cultural mismatch,a) Yes,a) Yes,a) Strong belief,a) Yes,a) Less than 20%,a) Yes,a) Revenue CARG,a) Yes,a) One-time gains masking poor performance,a) Definetly,a) Yes,a) Too short,a) Yes,a) Yes
08-05-2025 15:48,,,a) Synergy realization,a) Very Rarely,a) Cost Synergy,a) 1 year,a) DCF,a) Cultural mismatch,a) Yes,a) Yes,a) Strong belief,a) Yes,a) Less than 20%,a) Yes,a) Revenue CARG,a) Yes,a) One-time gains masking poor performance,a) Definetly,a) Yes,a) Too short,a) Yes,a) Yes
08-05-2025 15:49,,,a) Synergy realization,a) Very Rarely,a) Cost Synergy,a) 1 year,b) Market Multiples,a) Cultural mismatch,a) Yes,a) Yes,a) Strong belief,a) Yes,a) Less than 20%,a) Yes,a) Revenue CARG,a) Yes,a) One-time gains masking poor performance,a) Definetly,a) Yes,a) Too short,a) Yes,b) No
08-05-2025 15:49,,,a) Synergy realization,a) Very Rarely,a) Cost Synergy,a) 1 year,a) DCF,a) Cultural mismatch,b) No,a) Yes,a) Strong belief,a) Yes,a) Less than 20%,a) Yes,a) Revenue CARG,a) Yes,a) One-time gains masking poor performance,a) Definetly,a) Yes,a) Too short,a) Yes,a) Yes
08-05-2025 15:50,,,a) Synergy realization,a) Very Rarely,a) Cost Synergy,a) 1 year,c) Comparable Transactions,a) Cultural mismatch,a) Yes,a) Yes,a) Strong belief,a) Yes,a) Less than 20%,a) Yes,b) ROIC,a) Yes,c) Goodwill impairment delays,a) Definetly,a) Yes,a) Too short,a) Yes,a) Yes
08-05-2025 15:50,,,b) Market expansion,a) Very Rarely,a) Cost Synergy,c) 3 years,b) Market Multiples,b) Execution delays,a) Yes,b) No,C) Very skeptical,b) No,D) More than 60%,b) No,b) ROIC,b) No,b) Deferred restructuring charges,c) Not useful,c) Maybe,b) Too long,a) Yes,c) Need refinements
08-05-2025 15:51,,,a) Synergy realization,c) Often,c) Tax Synergy,b) 2 years,c) Comparable Transactions,b) Execution delays,c) Not Sure,b) No,C) Very skeptical,b) No,C) 40% to 60%,b) No,c) EPS Growth,b) No,c) Goodwill impairment delays,b) Somewhat,c) Maybe,b) Too long,c) Maybe,c) Need refinements
08-05-2025 15:51,,,b) Market expansion,a) Very Rarely,b) Revenue Synergy,b) 2 years,c) Comparable Transactions,c) Regulatory interference,b) No,a) Yes,B) Moderate belief,b) No,B) 20% to 40%,b) No,d) Free cash flow,b) No,a) One-time gains masking poor performance,b) Somewhat,a) Yes,c) Moderate,b) No,c) Need refinements
08-05-2025 15:51,,,c) Undervaluation of target,b) Sometimes,c) Tax Synergy,b) 2 years,c) Comparable Transactions,b) Execution delays,c) Not Sure,b) No,D) Never trust it,b) No,B) 20% to 40%,b) No,c) EPS Growth,a) Yes,c) Goodwill impairment delays,c) Not useful,b) No,b) Too long,b) No,b) No
08-05-2025 15:52,,,a) Synergy realization,a) Very Rarely,a) Cost Synergy,c) 3 years,b) Market Multiples,a) Cultural mismatch,a) Yes,a) Yes,a) Strong belief,a) Yes,D) More than 60%,c) Prefer not to say,a) Revenue CARG,a) Yes,a) One-time gains masking poor performance,b) Somewhat,a) Yes,b) Too long,a) Yes,b) No
08-05-2025 15:52,,,a) Synergy realization,a) Very Rarely,a) Cost Synergy,a) 1 year,b) Market Multiples,a) Cultural mismatch,a) Yes,a) Yes,C) Very skeptical,a) Yes,D) More than 60%,a) Yes,a) Revenue CARG,a) Yes,a) One-time gains masking poor performance,a) Definetly,a) Yes,a) Too short,a) Yes,a) Yes
08-05-2025 15:53,,,a) Synergy realization,b) Sometimes,a) Cost Synergy,c) 3 years,a) DCF,a) Cultural mismatch,a) Yes,a) Yes,a) Strong belief,a) Yes,a) Less than 20%,a) Yes,a) Revenue CARG,a) Yes,a) One-time gains masking poor performance,a) Definetly,a) Yes,a) Too short,a) Yes,a) Yes
08-05-2025 18:32,,,a) Synergy realization,c) Often,a) Cost Synergy,c) 3 years,b) Market Multiples,d) Over-optimistic projections,a) Yes,b) No,B) Moderate belief,b) No,B) 20% to 40%,a) Yes,a) Revenue CARG,a) Yes,d) Rising debt servicing pressure,a) Definetly,a) Yes,a) Too short,a) Yes,a) Yes
08-05-2025 18:53,M.Harini,Analyst,a) Synergy realization,a) Very Rarely,b) Revenue Synergy,d) More than 3 years,b) Market Multiples,b) Execution delays,c) Not Sure,b) No,B) Moderate belief,a) Yes,C) 40% to 60%,c) Prefer not to say,a) Revenue CARG,a) Yes,a) One-time gains masking poor performance,a) Definetly,a) Yes,b) Too long,a) Yes,a) Yes
08-05-2025 18:54,Yashna,Senior analyst,b) Market expansion,b) Sometimes,b) Revenue Synergy,c) 3 years,c) Comparable Transactions,c) Regulatory interference,c) Not Sure,a) Yes,a) Strong belief,a) Yes,D) More than 60%,a) Yes,a) Revenue CARG,a) Yes,a) One-time gains masking poor performance,a) Definetly,b) No,b) Too long,b) No,a) Yes
08-05-2025 18:55,Vaishnavi,Analyst,c) Undervaluation of target,c) Often,b) Revenue Synergy,d) More than 3 years,a) DCF,a) Cultural mismatch,a) Yes,a) Yes,a) Strong belief,a) Yes,C) 40% to 60%,b) No,c) EPS Growth,a) Yes,b) Deferred restructuring charges,b) Somewhat,a) Yes,b) Too long,a) Yes,a) Yes
08-05-2025 18:56,Ramya,Senior analyst ,c) Undervaluation of target,a) Very Rarely,b) Revenue Synergy,c) 3 years,c) Comparable Transactions,b) Execution delays,a) Yes,b) No,B) Moderate belief,a) Yes,D) More than 60%,c) Prefer not to say,b) ROIC,a) Yes,d) Rising debt servicing pressure,b) Somewhat,a) Yes,a) Too short,b) No,a) Yes
08-05-2025 18:58,Amirtha ,Analyst ,a) Synergy realization,b) Sometimes,b) Revenue Synergy,d) More than 3 years,b) Market Multiples,b) Execution delays,a) Yes,a) Yes,B) Moderate belief,a) Yes,D) More than 60%,a) Yes,c) EPS Growth,a) Yes,b) Deferred restructuring charges,a) Definetly,a) Yes,a) Too short,a) Yes,c) Need refinements
08-05-2025 19:00,Kaviya.V,Senior analyst ,c) Undervaluation of target,a) Very Rarely,b) Revenue Synergy,d) More than 3 years,b) Market Multiples,c) Regulatory interference,a) Yes,c) Prefer not to say,C) Very skeptical,a) Yes,C) 40% to 60%,a) Yes,c) EPS Growth,a) Yes,a) One-time gains masking poor performance,a) Definetly,b) No,a) Too short,a) Yes,c) Need refinements
08-05-2025 19:03,Priyanka ,Analyst ,b) Market expansion,b) Sometimes,b) Revenue Synergy,d) More than 3 years,b) Market Multiples,a) Cultural mismatch,a) Yes,a) Yes,B) Moderate belief,a) Yes,C) 40% to 60%,a) Yes,c) EPS Growth,a) Yes,c) Goodwill impairment delays,a) Definetly,a) Yes,c) Moderate,b) No,a) Yes
08-05-2025 19:04,,,b) Market expansion,b) Sometimes,a) Cost Synergy,d) More than 3 years,c) Comparable Transactions,a) Cultural mismatch,a) Yes,b) No,a) Strong belief,b) No,B) 20% to 40%,b) No,a) Revenue CARG,a) Yes,a) One-time gains masking poor performance,a) Definetly,a) Yes,a) Too short,a) Yes,a) Yes
08-05-2025 19:04,,,b) Market expansion,c) Often,c) Tax Synergy,c) 3 years,c) Comparable Transactions,c) Regulatory interference,a) Yes,a) Yes,a) Strong belief,b) No,D) More than 60%,a) Yes,b) ROIC,a) Yes,c) Goodwill impairment delays,a) Definetly,a) Yes,c) Moderate,a) Yes,a) Yes
08-05-2025 19:05,Rachel ,Senior analyst ,d) Competitive pressure,b) Sometimes,b) Revenue Synergy,c) 3 years,b) Market Multiples,b) Execution delays,c) Not Sure,a) Yes,a) Strong belief,a) Yes,C) 40% to 60%,a) Yes,d) Free cash flow,a) Yes,d) Rising debt servicing pressure,a) Definetly,a) Yes,b) Too long,a) Yes,a) Yes
08-05-2025 19:06,,,d) Competitive pressure,d) Almost Always,a) Cost Synergy,c) 3 years,d) Book Value,c) Regulatory interference,c) Not Sure,a) Yes,a) Strong belief,c) Not sure,B) 20% to 40%,a) Yes,c) EPS Growth,a) Yes,b) Deferred restructuring charges,b) Somewhat,c) Maybe,c) Moderate,a) Yes,a) Yes
08-05-2025 19:07,,,c) Undervaluation of target,a) Very Rarely,d) All of the above,b) 2 years,c) Comparable Transactions,c) Regulatory interference,a) Yes,a) Yes,D) Never trust it,a) Yes,C) 40% to 60%,a) Yes,c) EPS Growth,a) Yes,c) Goodwill impairment delays,b) Somewhat,a) Yes,a) Too short,a) Yes,a) Yes
08-05-2025 19:08,Santhosh ,Analyst ,a) Synergy realization,b) Sometimes,b) Revenue Synergy,d) More than 3 years,b) Market Multiples,a) Cultural mismatch,c) Not Sure,a) Yes,B) Moderate belief,a) Yes,D) More than 60%,b) No,a) Revenue CARG,a) Yes,a) One-time gains masking poor performance,a) Definetly,a) Yes,a) Too short,a) Yes,b) No
08-05-2025 19:11,Rajesh,Analyst ,a) Synergy realization,b) Sometimes,b) Revenue Synergy,d) More than 3 years,c) Comparable Transactions,b) Execution delays,a) Yes,a) Yes,a) Strong belief,a) Yes,D) More than 60%,a) Yes,c) EPS Growth,a) Yes,a) One-time gains masking poor performance,a) Definetly,a) Yes,b) Too long,a) Yes,a) Yes
08-05-2025 19:13,Celine ,Senior analyst ,a) Synergy realization,b) Sometimes,b) Revenue Synergy,d) More than 3 years,b) Market Multiples,a) Cultural mismatch,a) Yes,c) Prefer not to say,C) Very skeptical,a) Yes,D) More than 60%,b) No,a) Revenue CARG,a) Yes,b) Deferred restructuring charges,a) Definetly,a) Yes,a) Too short,a) Yes,a) Yes
08-05-2025 19:15,Subash ,Senior analyst ,a) Synergy realization,a) Very Rarely,b) Revenue Synergy,c) 3 years,b) Market Multiples,a) Cultural mismatch,a) Yes,a) Yes,B) Moderate belief,a) Yes,D) More than 60%,a) Yes,a) Revenue CARG,a) Yes,d) Rising debt servicing pressure,a) Definetly,a) Yes,a) Too short,b) No,c) Need refinements
08-05-2025 19:17,Ajay,Analyst ,a) Synergy realization,a) Very Rarely,b) Revenue Synergy,d) More than 3 years,b) Market Multiples,c) Regulatory interference,c) Not Sure,a) Yes,B) Moderate belief,a) Yes,D) More than 60%,a) Yes,c) EPS Growth,a) Yes,b) Deferred restructuring charges,a) Definetly,a) Yes,b) Too long,a) Yes,a) Yes
08-05-2025 19:20,Shivani ,Senior analyst ,a) Synergy realization,a) Very Rarely,b) Revenue Synergy,d) More than 3 years,b) Market Multiples,c) Regulatory interference,a) Yes,a) Yes,B) Moderate belief,a) Yes,D) More than 60%,b) No,a) Revenue CARG,a) Yes,c) Goodwill impairment delays,a) Definetly,a) Yes,b) Too long,a) Yes,b) No
08-05-2025 19:21,Kanmani,Analyst ,b) Market expansion,b) Sometimes,b) Revenue Synergy,d) More than 3 years,c) Comparable Transactions,c) Regulatory interference,c) Not Sure,a) Yes,B) Moderate belief,a) Yes,D) More than 60%,a) Yes,a) Revenue CARG,a) Yes,b) Deferred restructuring charges,a) Definetly,a) Yes,b) Too long,a) Yes,b) No
08-05-2025 19:22,Kavin ,Senior analyst ,b) Market expansion,a) Very Rarely,b) Revenue Synergy,d) More than 3 years,b) Market Multiples,b) Execution delays,a) Yes,b) No,B) Moderate belief,a) Yes,D) More than 60%,b) No,a) Revenue CARG,a) Yes,b) Deferred restructuring charges,a) Definetly,a) Yes,b) Too long,a) Yes,b) No
08-05-2025 19:25,Saravanan,Senior analyst ,b) Market expansion,b) Sometimes,b) Revenue Synergy,d) More than 3 years,b) Market Multiples,a) Cultural mismatch,a) Yes,b) No,B) Moderate belief,a) Yes,D) More than 60%,a) Yes,c) EPS Growth,a) Yes,a) One-time gains masking poor performance,a) Definetly,a) Yes,a) Too short,a) Yes,b) No
08-05-2025 19:26,Karthik,Senior analyst ,b) Market expansion,a) Very Rarely,b) Revenue Synergy,d) More than 3 years,c) Comparable Transactions,a) Cultural mismatch,a) Yes,a) Yes,B) Moderate belief,a) Yes,D) More than 60%,a) Yes,a) Revenue CARG,a) Yes,b) Deferred restructuring charges,a) Definetly,a) Yes,a) Too short,b) No,a) Yes
08-05-2025 19:28,Pooja,Senior analyst ,b) Market expansion,b) Sometimes,b) Revenue Synergy,d) More than 3 years,b) Market Multiples,a) Cultural mismatch,a) Yes,b) No,B) Moderate belief,a) Yes,D) More than 60%,a) Yes,c) EPS Growth,a) Yes,a) One-time gains masking poor performance,a) Definetly,a) Yes,a) Too short,a) Yes,a) Yes
08-05-2025 19:29,Murali,Senior analyst ,b) Market expansion,b) Sometimes,b) Revenue Synergy,d) More than 3 years,b) Market Multiples,b) Execution delays,a) Yes,a) Yes,a) Strong belief,a) Yes,D) More than 60%,b) No,c) EPS Growth,a) Yes,b) Deferred restructuring charges,a) Definetly,a) Yes,a) Too short,a) Yes,a) Yes
08-05-2025 19:37,Vaibhav ,Senior analyst ,b) Market expansion,b) Sometimes,b) Revenue Synergy,d) More than 3 years,b) Market Multiples,c) Regulatory interference,a) Yes,a) Yes,B) Moderate belief,a) Yes,D) More than 60%,b) No,a) Revenue CARG,a) Yes,a) One-time gains masking poor performance,a) Definetly,a) Yes,a) Too short,a) Yes,b) No
08-05-2025 19:41,Sarvesh,Senior analyst ,c) Undervaluation of target,a) Very Rarely,b) Revenue Synergy,d) More than 3 years,b) Market Multiples,b) Execution delays,a) Yes,a) Yes,B) Moderate belief,a) Yes,D) More than 60%,a) Yes,a) Revenue CARG,a) Yes,c) Goodwill impairment delays,a) Definetly,a) Yes,a) Too short,a) Yes,a) Yes
08-05-2025 22:35,,,c) Undervaluation of target,a) Very Rarely,a) Cost Synergy,b) 2 years,b) Market Multiples,a) Cultural mismatch,a) Yes,a) Yes,a) Strong belief,a) Yes,a) Less than 20%,c) Prefer not to say,a) Revenue CARG,a) Yes,a) One-time gains masking poor performance,b) Somewhat,b) No,a) Too short,c) Maybe,a) Yes
08-05-2025 22:35,,,b) Market expansion,c) Often,a) Cost Synergy,d) More than 3 years,a) DCF,c) Regulatory interference,a) Yes,a) Yes,C) Very skeptical,a) Yes,a) Less than 20%,a) Yes,a) Revenue CARG,b) No,b) Deferred restructuring charges,a) Definetly,a) Yes,c) Moderate,a) Yes,a) Yes
08-05-2025 22:36,,,a) Synergy realization,c) Often,b) Revenue Synergy,b) 2 years,c) Comparable Transactions,a) Cultural mismatch,a) Yes,a) Yes,a) Strong belief,b) No,a) Less than 20%,a) Yes,d) Free cash flow,a) Yes,b) Deferred restructuring charges,a) Definetly,a) Yes,a) Too short,a) Yes,a) Yes
08-05-2025 22:36,,,b) Market expansion,b) Sometimes,c) Tax Synergy,a) 1 year,a) DCF,a) Cultural mismatch,b) No,a) Yes,a) Strong belief,a) Yes,B) 20% to 40%,a) Yes,d) Free cash flow,a) Yes,c) Goodwill impairment delays,a) Definetly,a) Yes,c) Moderate,a) Yes,a) Yes
08-05-2025 22:36,,,d) Competitive pressure,b) Sometimes,c) Tax Synergy,b) 2 years,b) Market Multiples,c) Regulatory interference,b) No,a) Yes,D) Never trust it,a) Yes,C) 40% to 60%,a) Yes,a) Revenue CARG,a) Yes,a) One-time gains masking poor performance,a) Definetly,a) Yes,a) Too short,a) Yes,a) Yes
08-05-2025 22:37,,,b) Market expansion,c) Often,a) Cost Synergy,c) 3 years,c) Comparable Transactions,c) Regulatory interference,a) Yes,c) Prefer not to say,a) Strong belief,b) No,a) Less than 20%,b) No,a) Revenue CARG,a) Yes,a) One-time gains masking poor performance,a) Definetly,a) Yes,b) Too long,a) Yes,a) Yes
08-05-2025 22:37,,,c) Undervaluation of target,a) Very Rarely,a) Cost Synergy,d) More than 3 years,a) DCF,c) Regulatory interference,b) No,b) No,B) Moderate belief,a) Yes,C) 40% to 60%,b) No,b) ROIC,a) Yes,a) One-time gains masking poor performance,a) Definetly,a) Yes,a) Too short,a) Yes,a) Yes
08-05-2025 22:38,,,b) Market expansion,d) Almost Always,a) Cost Synergy,a) 1 year,b) Market Multiples,a) Cultural mismatch,a) Yes,a) Yes,C) Very skeptical,a) Yes,C) 40% to 60%,a) Yes,c) EPS Growth,a) Yes,a) One-time gains masking poor performance,b) Somewhat,a) Yes,a) Too short,c) Maybe,a) Yes
08-05-2025 22:38,,,a) Synergy realization,b) Sometimes,a) Cost Synergy,b) 2 years,a) DCF,a) Cultural mismatch,b) No,a) Yes,a) Strong belief,a) Yes,D) More than 60%,b) No,a) Revenue CARG,b) No,d) Rising debt servicing pressure,a) Definetly,a) Yes,b) Too long,a) Yes,a) Yes
08-05-2025 22:38,,,a) Synergy realization,d) Almost Always,c) Tax Synergy,b) 2 years,b) Market Multiples,b) Execution delays,c) Not Sure,a) Yes,a) Strong belief,a) Yes,B) 20% to 40%,a) Yes,a) Revenue CARG,a) Yes,a) One-time gains masking poor performance,a) Definetly,a) Yes,a) Too short,a) Yes,a) Yes
08-05-2025 22:39,,,a) Synergy realization,b) Sometimes,b) Revenue Synergy,b) 2 years,b) Market Multiples,a) Cultural mismatch,a) Yes,a) Yes,a) Strong belief,a) Yes,a) Less than 20%,c) Prefer not to say,a) Revenue CARG,b) No,c) Goodwill impairment delays,a) Definetly,a) Yes,a) Too short,a) Yes,a) Yes
08-06-2025 19:41,Yuvan Shankar,Student,b) Market expansion,b) Sometimes,b) Revenue Synergy,c) 3 years,c) Comparable Transactions,b) Execution delays,b) No,b) No,D) Never trust it,a) Yes,B) 20% to 40%,b) No,c) EPS Growth,a) Yes,d) Rising debt servicing pressure,a) Definetly,b) No,b) Too long,c) Maybe,a) Yes
